Título;Ano;Títular;Linguagem;Autores;Campo de Aplicação;Tipo Programa
TIME PERCEPTION SOUND;2019;IFPI, UFPI;JAVA;FRANCISCO ELEZIER XAVIER MAGALHÃES, FRANCISCO GERSON AMORIM DE MENESES, FRANCISCO VICTOR COSTA MARINHO, GILDARIO DIAS LIMA, IRIS JORDÂNIA LUZ MOURA, MARCELO MESQUITA SILVA, MARCOS AURELIO AYRES DA SILVA, SILMAR TEIXEIRA LIMA, VICTOR HUGO DO VALE BASTOS;IN-02, PS-01, SD-01, SD-06;FA-01, SM-01, SO-02, SO-04
PREDICTED HLA THREE-DIMENSIONAL STRUCTURES DATABASE;2019;IFPI, UFPI;RUBY;ADALBERTO SOCORRO DA SILVA, ANTONIO GILBERTO BORGES COELHO, ANTONIO VANILDO DE SOUSA LIMA, DEYLANE MENEZES TELES E OLIVEIRA, FRANCISCO DAS CHAGAS ALVES LIMA, JHONATAN MATHEUS SOUSA COSTA, LUIZ CLAUDIO DEMES DA MATA SOUSA, MÁRIO SÉRGIO COELHO MARROQUIM, RAFAEL MELO SANTOS DE SERPA BRANDÃO, RICARDO MARTINS RAMOS, SEMIRAMIS JAMIL HADAD DO MONTE;BL-07, SD-09;GI-01
HLA Haplotype Matcher;2019;UFPI;RUBY;ADALBERTO SOCORRO DA SILVA, ANTONIO GILBERTO BORGES COELHO, LUIZ CLAUDIO DEMES DA MATA SOUSA, MÁRIO SÉRGIO COELHO MARROQUIM, SEMIRAMIS JAMIL HADAD DO MONTE;BL-07, SD-09;IA-02, IT-03
SteelApp NBR8800;2019;UFPI;JAVA;EDUARDO MARTINS FONTES DO RÊGO, RODRIGO DINIZ FILGUEIRAS;CC-05, ED-04, IN-03;SO-02
SPIBIRADS;2019;UFPI;C++;BENEDITO BORGES DA SILVA, ELMO DE JESUS NERY JÚNIOR;SD-05, SD-06, SD-08, SD-09;GI-08, IA-01, TC-04
PiPa Irrigation;2019;UFPI;VISUAL BASIC;JOSÉ ORLANDO PIAUILINO FERREIRA, MARIA EVA CLEMENCIA FONSECA DE CASTRO SILVA;AG-06;AP-01
EEGChec - Averiguação de Similaridade em Imagens de EG;2018;IFPI, UFPI;HTML;FRANCISCO GERSON AMORIM DE MENESES, GILDÁRIO DIAS LIMA, IRIS JORDANIA LUZ MOURA, SILMAR SILVA TEIXEIRA;SD-01, SD-03, SD-07;IT-02 , TC-03 , TC-04
EEGChec - Averiguação de Similaridade em Imagens de EG;2018;IFPI, UFPI;PHP;FRANCISCO GERSON AMORIM DE MENESES, GILDÁRIO DIAS LIMA, IRIS JORDANIA LUZ MOURA, SILMAR SILVA TEIXEIRA;SD-01, SD-03, SD-07;IT-02 , TC-03 , TC-04
EEGChec - Averiguação de Similaridade em Imagens de EG;2018;IFPI, UFPI;PYTHON;FRANCISCO GERSON AMORIM DE MENESES, GILDÁRIO DIAS LIMA, IRIS JORDANIA LUZ MOURA, SILMAR SILVA TEIXEIRA;SD-01, SD-03, SD-07;IT-02 , TC-03 , TC-04
COMO VAI SUA LOMBAR?;2018;UFPI;JAVA;ANDERSON NOGUEIRA MENDES, ARIEL SOARES TELES, FUAD AHMAD HAZIME, POLYANNA GOMES LACERDA CAVALCANTE, SILMAR SILVA TEIXEIRA;SD-06;AP-01
COMO VAI SUA LOMBAR?;2018;UFPI;XML;ANDERSON NOGUEIRA MENDES, ARIEL SOARES TELES, FUAD AHMAD HAZIME, POLYANNA GOMES LACERDA CAVALCANTE, SILMAR SILVA TEIXEIRA;SD-06;AP-01
CUIDADO PRÉ-NATAL;2018;UFPI;JAVA;GLAYS REGE DANTAS LIMA PIRES, MALVINA THAÍS PACHECO;SD-01;AP-01
SOFTWARE DE MORFOMETRIA DE OVINOS E CAPRINOS COM TELEMETRIA;2018;UFPI;RUBY;ANTÔNIO DE SOUSA JÚNIOR, CONSTANTINO AUGUSTO DIAS NETO, MARIA ACELINA MARTINS CARVALHO;AG-01;CD-04, FA-01, SO-02
BIBLIOTECAS OPENCL PARA AS ARQUITETURAS MANYCORE METAL E ARACHNOC;2018;UFPI;C;IVAN SARAIVA SILVA, JÔNATAS CARNEIRO DOS SANTOS FERREIRA;IF-07, IF-10, IN-02;DS-05
BIBLIOTECAS OPENCL PARA AS ARQUITETURAS MANYCORE METAL E ARACHNOC;2018;UFPI;C++;IVAN SARAIVA SILVA, JÔNATAS CARNEIRO DOS SANTOS FERREIRA;IF-07, IF-10, IN-02;DS-05
DPI-CARE-Didactic Processor For Computer Architecture Education;2018;UFPI;VHDL;FRANCISCO CARLOS SILVA JÚNIOR, IVAN SARAIVA SILVA;ED-03, ED-04, IF-02;FA-01, SM-01
PLATAFORMA METAL;2018;UFPI;C++;IVAN SARAIVA SILVA, RAMON SANTOS NEPOMUCENO;CO-02, EN-05, IN-02;DS-06, SM-01
ClassiMamo;2018;UFPI;C++;BENEDITO BORGES DA SILVA, FRANCISCO ADELTON ALVES RIBEIRO;SD-05, SD-06, SD-08, SD-09;GI-08, IA-01, TC-04
CaprioviMobile;2018;UFPI;CSS;JOSÉ LINDENBERG ROCHA SARMENTO, LAYLSON DA SILVA BORGES, OTÁVIO CURY DA COSTA CASTRO, PEDRO DE ALCÂNTARA DOS SANTOS NETO;AG-10;FA-01, GI-01, GI-04, IA-02, TC-01
CaprioviMobile;2018;UFPI;HTML;JOSÉ LINDENBERG ROCHA SARMENTO, LAYLSON DA SILVA BORGES, OTÁVIO CURY DA COSTA CASTRO, PEDRO DE ALCÂNTARA DOS SANTOS NETO;AG-10;FA-01, GI-01, GI-04, IA-02, TC-01
CaprioviMobile;2018;UFPI;JAVA;JOSÉ LINDENBERG ROCHA SARMENTO, LAYLSON DA SILVA BORGES, OTÁVIO CURY DA COSTA CASTRO, PEDRO DE ALCÂNTARA DOS SANTOS NETO;AG-10;FA-01, GI-01, GI-04, IA-02, TC-01
CaprioviMobile;2018;UFPI;JAVASCRIPT;JOSÉ LINDENBERG ROCHA SARMENTO, LAYLSON DA SILVA BORGES, OTÁVIO CURY DA COSTA CASTRO, PEDRO DE ALCÂNTARA DOS SANTOS NETO;AG-10;FA-01, GI-01, GI-04, IA-02, TC-01
CaprioviMobile;2018;UFPI;JSP;JOSÉ LINDENBERG ROCHA SARMENTO, LAYLSON DA SILVA BORGES, OTÁVIO CURY DA COSTA CASTRO, PEDRO DE ALCÂNTARA DOS SANTOS NETO;AG-10;FA-01, GI-01, GI-04, IA-02, TC-01
CaprioviMobile;2018;UFPI;XML;JOSÉ LINDENBERG ROCHA SARMENTO, LAYLSON DA SILVA BORGES, OTÁVIO CURY DA COSTA CASTRO, PEDRO DE ALCÂNTARA DOS SANTOS NETO;AG-10;FA-01, GI-01, GI-04, IA-02, TC-01
PLATAFORMA ARACHNOC;2018;UFPI;C++;IVAN SARAIVA SILVA, LAYSSON OLIVEIRA LUZ;CO-02, EN-05, IN-02;DS-06
EpAssistant Plus;2018;UFPI;PYTHON;ADALBERTO SOCORRO DA SILVA, KEYLLA MARIA DE SÁ URTIGA AITA, LUIZ CLAUDIO DEMES DA MATA SOUSA, RENATO SOUZA VIEIRA, SEMIRAMIS JAMIL HADAD DO MONTE;SD-08, SD-09;IA-02
Pedostudent;2018;UFPI;JAVA;KLENDSON MEDEIROS DA SILVA, RONNY SOBREIRA BARBOSA;ED-01, PD-01, PD-02, PD-03;FA-01
CODIVISION;2017;UFPI;CSS;FRANCISCO VANDERSON DE MOURA ALVES, IRVAYNE MATHEUS DE SOUSA IBIAPINA, PEDRO DE ALCÂNTARA DOS SANTOS NETO, WERNEY AYALA LUZ LIRA;IF-10;DS-01
CODIVISION;2017;UFPI;HTML;FRANCISCO VANDERSON DE MOURA ALVES, IRVAYNE MATHEUS DE SOUSA IBIAPINA, PEDRO DE ALCÂNTARA DOS SANTOS NETO, WERNEY AYALA LUZ LIRA;IF-10;DS-01
CODIVISION;2017;UFPI;JAVA;FRANCISCO VANDERSON DE MOURA ALVES, IRVAYNE MATHEUS DE SOUSA IBIAPINA, PEDRO DE ALCÂNTARA DOS SANTOS NETO, WERNEY AYALA LUZ LIRA;IF-10;DS-01
CODIVISION;2017;UFPI;JAVASCRIPT;FRANCISCO VANDERSON DE MOURA ALVES, IRVAYNE MATHEUS DE SOUSA IBIAPINA, PEDRO DE ALCÂNTARA DOS SANTOS NETO, WERNEY AYALA LUZ LIRA;IF-10;DS-01
CODIVISION;2017;UFPI;JSP;FRANCISCO VANDERSON DE MOURA ALVES, IRVAYNE MATHEUS DE SOUSA IBIAPINA, PEDRO DE ALCÂNTARA DOS SANTOS NETO, WERNEY AYALA LUZ LIRA;IF-10;DS-01
CODIVISION;2017;UFPI;XML;FRANCISCO VANDERSON DE MOURA ALVES, IRVAYNE MATHEUS DE SOUSA IBIAPINA, PEDRO DE ALCÂNTARA DOS SANTOS NETO, WERNEY AYALA LUZ LIRA;IF-10;DS-01
CAPRIOVI;2017;UFPI;CSS;JOSÉ LINDENBERG ROCHA SARMENTO, LAYLSON DA SILVA BORGES, OTÁVIO CURY DA COSTA CASTRO, PEDRO DE ALCÂNTARA DOS SANTOS NETO, THASCIANO LIMA CARVALHO;AG-10;FA-01, GI-01, GI-04  IA-02, TC-01
CAPRIOVI;2017;UFPI;HTML;JOSÉ LINDENBERG ROCHA SARMENTO, LAYLSON DA SILVA BORGES, OTÁVIO CURY DA COSTA CASTRO, PEDRO DE ALCÂNTARA DOS SANTOS NETO, THASCIANO LIMA CARVALHO;AG-10;FA-01, GI-01, GI-04  IA-02, TC-01
CAPRIOVI;2017;UFPI;JAVA;JOSÉ LINDENBERG ROCHA SARMENTO, LAYLSON DA SILVA BORGES, OTÁVIO CURY DA COSTA CASTRO, PEDRO DE ALCÂNTARA DOS SANTOS NETO, THASCIANO LIMA CARVALHO;AG-10;FA-01, GI-01, GI-04  IA-02, TC-01
CAPRIOVI;2017;UFPI;JAVASCRIPT;JOSÉ LINDENBERG ROCHA SARMENTO, LAYLSON DA SILVA BORGES, OTÁVIO CURY DA COSTA CASTRO, PEDRO DE ALCÂNTARA DOS SANTOS NETO, THASCIANO LIMA CARVALHO;AG-10;FA-01, GI-01, GI-04  IA-02, TC-01
CAPRIOVI;2017;UFPI;JSP;JOSÉ LINDENBERG ROCHA SARMENTO, LAYLSON DA SILVA BORGES, OTÁVIO CURY DA COSTA CASTRO, PEDRO DE ALCÂNTARA DOS SANTOS NETO, THASCIANO LIMA CARVALHO;AG-10;FA-01, GI-01, GI-04  IA-02, TC-01
CAPRIOVI;2017;UFPI;XML;JOSÉ LINDENBERG ROCHA SARMENTO, LAYLSON DA SILVA BORGES, OTÁVIO CURY DA COSTA CASTRO, PEDRO DE ALCÂNTARA DOS SANTOS NETO, THASCIANO LIMA CARVALHO;AG-10;FA-01, GI-01, GI-04  IA-02, TC-01
SIGLBC;2017;UFPI;JAVA;CRISTIANO JACKSON DA COSTA COELHO, MARIA ACELINA MARTINS DE CARVALHO, NAPOLEÃO MARTINS ARGOLO NETO, STENIO KLAYDSON ALVES DE ANDRADE;AD-01, AD-08, AD-09, BL-03, IF-07;AT-06, GI-01, GI-02, GI-03, GI-07
APLICATIVO PARA TREINAMENTO DE TAREFAS DE PERCEPÇÃO TEMPORAL;2017;UFPI;JAVA BLOCK;FERNANDO LOPES E SILVA JÚNIOR, FRANCISCO VICTOR COSTA MARINHO, GILDÁRIO DIAS LIMA, IRIS JORDÂNIA LUZ MOURA, KALINE DE MELO ROCHA, LUCAS DA SILVA NASCIMENTO, MARCOS AURÉLIO AYRES DA SILVA, SILMAR SILVA TEIXEIRA, VICTOR HUGO DO VALE BASTOS;SD-01, SD-04, SD-09;FA-01, SO-02, SO-04
APLICATIVO PARA TREINAMENTO DE TAREFAS DE PERCEPÇÃO TEMPORAL;2017;UFPI;SCRATCH;FERNANDO LOPES E SILVA JÚNIOR, FRANCISCO VICTOR COSTA MARINHO, GILDÁRIO DIAS LIMA, IRIS JORDÂNIA LUZ MOURA, KALINE DE MELO ROCHA, LUCAS DA SILVA NASCIMENTO, MARCOS AURÉLIO AYRES DA SILVA, SILMAR SILVA TEIXEIRA, VICTOR HUGO DO VALE BASTOS;SD-01, SD-04, SD-09;FA-01, SO-02, SO-04
BUS TRACKER;2017;UFPI;JAVA;ANDRÉ CASTELO BRANCO SOARES, FELIPE SARAIVA DA COSTA;UB-04;AP-01, UT-01
BUS TRACKER;2017;UFPI;JAVA;ANDRÉ CASTELO BRANCO SOARES, FELIPE SARAIVA DA COSTA;UB-04;AP-01, UT-01
BUS TRACKER - IOS;2017;UFPI;SWIFT;ANDRÉ CASTELO BRANCO SOARES, FELIPE SARAIVA DA COSTA;UB-04;AP-01, UT-01
SISTEMA DE CAMPAINHA AUTOMATIZADA;2016;IFPI;DELPHI;ROBSON PIRES BORGES;TB-01;AT-01
SISTEMA DE CAMPAINHA AUTOMATIZADA;2016;IFPI;PASCAL;ROBSON PIRES BORGES;TB-01;AT-01
SISTEMA DE MURAL ELETRÔNICO SIMPLIFICADO;2016;IFPI;BOOTSTRAP;ROBSON PIRES BORGES;CO-04;GI-02
SISTEMA DE MURAL ELETRÔNICO SIMPLIFICADO;2016;IFPI;CSS3;ROBSON PIRES BORGES;CO-04;GI-02
SISTEMA DE MURAL ELETRÔNICO SIMPLIFICADO;2016;IFPI;HTML5;ROBSON PIRES BORGES;CO-04;GI-02
SISTEMA DE MURAL ELETRÔNICO SIMPLIFICADO;2016;IFPI;JQUERY;ROBSON PIRES BORGES;CO-04;GI-02
SISTEMA DE MURAL ELETRÔNICO SIMPLIFICADO;2016;IFPI;JAVASCRIPT;ROBSON PIRES BORGES;CO-04;GI-02
SISTEMA DE MURAL ELETRÔNICO SIMPLIFICADO;2016;IFPI;MYSQL;ROBSON PIRES BORGES;CO-04;GI-02
SISTEMA DE MURAL ELETRÔNICO SIMPLIFICADO;2016;IFPI;PHP;ROBSON PIRES BORGES;CO-04;GI-02
JUS CODE;2016;UFPI;JAVA BLOCK;GILDÁRIO DIAS LIMA, IRIS JORDÂNIA LUZ MOURA, MARCELO MESQUITA SILVA, SILMAR SILVA TEIXEIRA;AD-02, AD-04;AP-01, AT-06
JUS CODE;2016;UFPI;SCRATCH;GILDÁRIO DIAS LIMA, IRIS JORDÂNIA LUZ MOURA, MARCELO MESQUITA SILVA, SILMAR SILVA TEIXEIRA;AD-02, AD-04;AP-01, AT-06
APLICATIVO PARA TREINAMENTO OPTOCINÉTICO;2016;UFPI;JAVA BLOCK;FERNANDO LOPES E SILVA JÚNIOR, FRANCISCO VICTOR COSTA MARINHO, GILDÁRIO DIAS LIMA, IRIS JORDÂNIA LUZ MOURA, KALINE DE MELO ROCHA, MARCOS AURÉLIO AYRES DA SILVA, RAYELE PRICILA MOREIRA DOS SANTOS, SILMAR SILVA TEIXEIRA, VICTOR HUGO DO VALE BASTOS;SD-01, SD-04, SD-09;FA-01, SO-02, SO-04
APLICATIVO PARA TREINAMENTO OPTOCINÉTICO;2016;UFPI;SCRATCH;FERNANDO LOPES E SILVA JÚNIOR, FRANCISCO VICTOR COSTA MARINHO, GILDÁRIO DIAS LIMA, IRIS JORDÂNIA LUZ MOURA, KALINE DE MELO ROCHA, MARCOS AURÉLIO AYRES DA SILVA, RAYELE PRICILA MOREIRA DOS SANTOS, SILMAR SILVA TEIXEIRA, VICTOR HUGO DO VALE BASTOS;SD-01, SD-04, SD-09;FA-01, SO-02, SO-04
THEMIS BARCODE;2016;UFPI;JAVA BLOCK;GILDÁRIO DIAS LIMA, IRIS JORDÂNIA LUZ MOURA, MARCELO MESQUITA SILVA, SILMAR SILVA TEIXEIRA;AD-02, AD-04;AP-01, AT-06
THEMIS BARCODE;2016;UFPI;SCRATCH;GILDÁRIO DIAS LIMA, IRIS JORDÂNIA LUZ MOURA, MARCELO MESQUITA SILVA, SILMAR SILVA TEIXEIRA;AD-02, AD-04;AP-01, AT-06
E-DOSIMETRIA;2016;UFPI;SCRATCH;GILDÁRIO DIAS LIMA, IRIS JORDÂNIA LUZ MOURA, MARCELO MESQUITA SILVA, SILMAR SILVA TEIXEIRA;AD-04;AP-01, GI-01
E-DOSIMETRIA;2016;UFPI;JAVA BLOCK;GILDÁRIO DIAS LIMA, IRIS JORDÂNIA LUZ MOURA, MARCELO MESQUITA SILVA, SILMAR SILVA TEIXEIRA;AD-04;AP-01, GI-01
TREINAMENTO DA ATENÇÃO E CONTROLE INIBITÓRIO;2016;UFPI;SCRATCH;FERNANDO LOPES E SILVA JÚNIOR, FRANCISCO ELEZIER XAVIER MAGALHÃES, FRANCISCO VICTOR COSTA MARINHO, GILDÁRIO DIAS LIMA, IRIS JORDÂNIA LUZ MOURA, JESSICA ALVES RIBEIRO, KALINE DE MELO ROCHA, MARCOS AURÉLIO AYRES DA SILVA, SILMAR SILVA TEIXEIRA, VICTOR HUGO DO VALE BASTOS;SD-01, SD-04, SD-09;FA-01, SO-02, SO-04
TREINAMENTO DA ATENÇÃO E CONTROLE INIBITÓRIO;2016;UFPI;JAVA BLOCK;FERNANDO LOPES E SILVA JÚNIOR, FRANCISCO ELEZIER XAVIER MAGALHÃES, FRANCISCO VICTOR COSTA MARINHO, GILDÁRIO DIAS LIMA, IRIS JORDÂNIA LUZ MOURA, JESSICA ALVES RIBEIRO, KALINE DE MELO ROCHA, MARCOS AURÉLIO AYRES DA SILVA, SILMAR SILVA TEIXEIRA, VICTOR HUGO DO VALE BASTOS;SD-01, SD-04, SD-09;FA-01, SO-02, SO-04
APLICATIVO PARA OPERAÇÕES MATEMÁTICAS;2016;UFPI;SCRATCH;FRANCISCO ELEZIER XAVIER MAGALHÃES, FRANCISCO VICTOR COSTA MARINHO, GILDÁRIO DIAS LIMA, IRIS JORDÂNIA LUZ MOURA, JESSICA ALVES RIBEIRO, KALINE DE MELO ROCHA, MARCOS AURÉLIO AYRES DA SILVA, SILMAR SILVA TEIXEIRA, VICTOR HUGO DO VALE BASTOS;ED-06, MT-02, SD-04;FA-01, SO-02, SO-04
APLICATIVO PARA OPERAÇÕES MATEMÁTICAS;2016;UFPI;JAVA BLOCK;FRANCISCO ELEZIER XAVIER MAGALHÃES, FRANCISCO VICTOR COSTA MARINHO, GILDÁRIO DIAS LIMA, IRIS JORDÂNIA LUZ MOURA, JESSICA ALVES RIBEIRO, KALINE DE MELO ROCHA, MARCOS AURÉLIO AYRES DA SILVA, SILMAR SILVA TEIXEIRA, VICTOR HUGO DO VALE BASTOS;ED-06, MT-02, SD-04;FA-01, SO-02, SO-04
EPLEARNING;2016;UFPI;JAVASCRIPT;ADALBERTO SOCORRO DA SILVA, JOANA DARC CARVALHO DE SOUSA, KEYLLA MARIA DE SÁ URTIGA AITA, LUIZ CLAUDIO DEMES DA MATA SOUSA, SEMIRAMIS JAMIL HADAD DO MONTE;BL-01, ED-06, SD-01, SD-08, SD-09;FA-01, IA-02, TC-01
EPLEARNING;2016;UFPI;PHP;ADALBERTO SOCORRO DA SILVA, JOANA DARC CARVALHO DE SOUSA, KEYLLA MARIA DE SÁ URTIGA AITA, LUIZ CLAUDIO DEMES DA MATA SOUSA, SEMIRAMIS JAMIL HADAD DO MONTE;BL-01, ED-06, SD-01, SD-08, SD-09;FA-01, IA-02, TC-01
VPROTENDIM;2016;UFPI;JAVA;CALEBE PAIVA GOMES DE SOUZA, EMANUEL FREIRE DE ALMEIDA MUNIZ;CC-05, CC-06;AP-01
EPASSITANT;2016;UFPI;PYTHON;ADALBERTO SOCORRO DA SILVA, KEYLLA MARIA DE SÁ URTIGA AITA, LUIZ CLAUDIO DEMES DA MATA SOUSA, SEMIRAMIS JAMIL HADAD DO MONTE;SD-08, SD-09;IA-02
THMONITOR;2015;IFPI;HTML;ALEXANDRE TOLSTENKO NOGUEIRA, ARATÂ ANDRADE SARAIVA, AYRTON DE SÁ BRANDIM, FELIPE RESENDE GOMES, FLÁVIO ALVES DOS SANTOS, FRANCISCO MARCELINO ALMEIDA DE ARAÚJO, PABLO HENRIQUE RIBEIRO BEZERRA;IF-02, IN-03, SD-02, SD-09, SD-10;AT-01, FA-01, GI-01, GI-04, IT-03
THMONITOR;2015;IFPI;JAVASCRIPT;ALEXANDRE TOLSTENKO NOGUEIRA, ARATÂ ANDRADE SARAIVA, AYRTON DE SÁ BRANDIM, FELIPE RESENDE GOMES, FLÁVIO ALVES DOS SANTOS, FRANCISCO MARCELINO ALMEIDA DE ARAÚJO, PABLO HENRIQUE RIBEIRO BEZERRA;IF-02, IN-03, SD-02, SD-09, SD-10;AT-01, FA-01, GI-01, GI-04, IT-03
THMONITOR;2015;IFPI;PHP;ALEXANDRE TOLSTENKO NOGUEIRA, ARATÂ ANDRADE SARAIVA, AYRTON DE SÁ BRANDIM, FELIPE RESENDE GOMES, FLÁVIO ALVES DOS SANTOS, FRANCISCO MARCELINO ALMEIDA DE ARAÚJO, PABLO HENRIQUE RIBEIRO BEZERRA;IF-02, IN-03, SD-02, SD-09, SD-10;AT-01, FA-01, GI-01, GI-04, IT-03
STRABIMUS;2015;IFPI;JAVASCRIPT;ALEXANDRE TOLSTENKO NOGUEIRA, ARATÂ ANDRADE SARAIVA, AYRTON DE SÁ BRANDIM, FELIPE RESENDE GOMES, FLÁVIO ALVES DOS SANTOS, FRANCISCO MARCELINO ALMEIDA DE ARAÚJO, PABLO HENRIQUE RIBEIRO BEZERRA;IF-02, IN-03, SD-03;AT-01, FA-01, GI-01, GI-04, IT-03
STRABIMUS;2015;IFPI;XML;ALEXANDRE TOLSTENKO NOGUEIRA, ARATÂ ANDRADE SARAIVA, AYRTON DE SÁ BRANDIM, FELIPE RESENDE GOMES, FLÁVIO ALVES DOS SANTOS, FRANCISCO MARCELINO ALMEIDA DE ARAÚJO, PABLO HENRIQUE RIBEIRO BEZERRA;IF-02, IN-03, SD-03;AT-01, FA-01, GI-01, GI-04, IT-03
STRABIMUS;2015;IFPI;C#;ALEXANDRE TOLSTENKO NOGUEIRA, ARATÂ ANDRADE SARAIVA, AYRTON DE SÁ BRANDIM, FELIPE RESENDE GOMES, FLÁVIO ALVES DOS SANTOS, FRANCISCO MARCELINO ALMEIDA DE ARAÚJO, PABLO HENRIQUE RIBEIRO BEZERRA;IF-02, IN-03, SD-03;AT-01, FA-01, GI-01, GI-04, IT-03
STRABIMUS;2015;IFPI;SHADER;ALEXANDRE TOLSTENKO NOGUEIRA, ARATÂ ANDRADE SARAIVA, AYRTON DE SÁ BRANDIM, FELIPE RESENDE GOMES, FLÁVIO ALVES DOS SANTOS, FRANCISCO MARCELINO ALMEIDA DE ARAÚJO, PABLO HENRIQUE RIBEIRO BEZERRA;IF-02, IN-03, SD-03;AT-01, FA-01, GI-01, GI-04, IT-03
STRABIMUS;2015;IFPI;YAML;ALEXANDRE TOLSTENKO NOGUEIRA, ARATÂ ANDRADE SARAIVA, AYRTON DE SÁ BRANDIM, FELIPE RESENDE GOMES, FLÁVIO ALVES DOS SANTOS, FRANCISCO MARCELINO ALMEIDA DE ARAÚJO, PABLO HENRIQUE RIBEIRO BEZERRA;IF-02, IN-03, SD-03;AT-01, FA-01, GI-01, GI-04, IT-03
STRABIMUS;2015;IFPI;JSON;ALEXANDRE TOLSTENKO NOGUEIRA, ARATÂ ANDRADE SARAIVA, AYRTON DE SÁ BRANDIM, FELIPE RESENDE GOMES, FLÁVIO ALVES DOS SANTOS, FRANCISCO MARCELINO ALMEIDA DE ARAÚJO, PABLO HENRIQUE RIBEIRO BEZERRA;IF-02, IN-03, SD-03;AT-01, FA-01, GI-01, GI-04, IT-03
MOBCAPRI;2015;UFPI;JAVA;ANTONIO DE SOUSA JUNIOR, MARIA ACELINA MARTINS DE CARVALHO, SÉRGIO BARROS DE SOUSA;AG-10;AT-01
NEOLO;2015;UFPI;PYTHON;SAULO CUNHA DE SERPA BRANDÃO;CO-03, CO-05, IF-02, IF-10;FA-02, GI-04, IA-03
MEDMAMO;2015;UFPI;C++;BENEDITO BORGES DA SILVA, FRANCISCO ADELTON ALVES RIBEIRO;SD-05, SD-06, SD-08, SD-09;GI-08, IA-01, TC-04
SNETS;2015;UFPI;JAVA;ALEXANDRE CARDOSO FONTINELE, ANDRÉ CASTELO BRANCO SOARES, IALLEN GÁBIO DE SOUSA SANTOS, ÍTALO BARBOSA BRASILEIRO;TC-04;AV-01, SM-01
USESKILL;2015;UFPI;JAVA;CLEITON DOS SANTOS MOURA, MATHEUS DE MENEZES CAMPANHÃ SOUZA, PEDRO ALMIR MARTINS DE OLIVEIRA, PEDRO DE ALCÂNTARA DOS SANTOS NETO;IF-02, IF-07, IF-10, IN-02;AT-06, FA-01, GI-04
USESKILL;2015;UFPI;JAVASCRIPT;CLEITON DOS SANTOS MOURA, MATHEUS DE MENEZES CAMPANHÃ SOUZA, PEDRO ALMIR MARTINS DE OLIVEIRA, PEDRO DE ALCÂNTARA DOS SANTOS NETO;IF-02, IF-07, IF-10, IN-02;AT-06, FA-01, GI-04
SELF;2015;UFPI;JAVA;DENISE ALVES DA COSTA, PEDRO ALMIR MARTINS DE OLIVEIRA, PEDRO DE ALCÂNTARA DOS SANTOS NETO;IF-02, IF-07, IF-10, IN-02;AP-01, DS-06, FA-01, IT-02, TC-01
ATHENA;2015;UFPI;JAVA;MATHEUS DE MENEZES CAMPANHÃ SOUZA, PEDRO ALMIR MARTINS DE OLIVEIRA, PEDRO DE ALCÂNTARA DOS SANTOS NETO;IF-02, IF-07, IF-10, IN-02;AP-01, DS-01, FA-01, IA-01
ATHENA;2015;UFPI;JAVASCRIPT;MATHEUS DE MENEZES CAMPANHÃ SOUZA, PEDRO ALMIR MARTINS DE OLIVEIRA, PEDRO DE ALCÂNTARA DOS SANTOS NETO;IF-02, IF-07, IF-10, IN-02;AP-01, DS-01, FA-01, IA-01
UVMP - A&A;2014;UFPI;HTML;EUGÊNIO SOUZA CARVALHO, IVAN SARAIVA SILVA;CO-02, IF-10;DS-01, DS-06, SO-02
UVMP - A&A;2014;UFPI;JAVASCRIPT;EUGÊNIO SOUZA CARVALHO, IVAN SARAIVA SILVA;CO-02, IF-10;DS-01, DS-06, SO-02
UVMP - A&A;2014;UFPI;PHP;EUGÊNIO SOUZA CARVALHO, IVAN SARAIVA SILVA;CO-02, IF-10;DS-01, DS-06, SO-02
SILENCE ZONE;2014;UFPI;OBJECTIVE C;ANDRÉ CASTELO BRANCO SOARES, RONIEL SOARES DE SOUSA, SEBASTIÃO GALEANO PEREIRA FILHO;TC-02;AP-01, UT-01
GEHAGRI ASPERSÃO;2014;UFPI;LAZARUS;JOSÉ ORLANDO PIAUILINO FERREIRA, MAURÍCIO RIBEIRO SENA;AG-06;AP-01
GEHAGRI LOCALIZADA;2014;UFPI;LAZARUS;JOSÉ ORLANDO PIAUILINO FERREIRA, MAURÍCIO RIBEIRO SENA;AG-06;AP-01
EPVIX HLA;2014;UFPI;RUBY;ADALBERTO SOCORRO DA SILVA, LUIZ CLAUDIO DEMES DA MATA SOUSA, SEMIRAMIS JAMIL HADAD DO MONTE;IF-10, IN-02, SD-06;AT-01, FA-01
IPNOSYS II PACKET GENERATOR;2014;UFPI;JAVA;IVAN SARAIVA SILVA, THIAGO RODRIGUES BARROS DA SILVA SOARES;IF-10;DS-01, DS-06
DIESMAGNA;2014;UFPI;HTML;ANA PAULA DOS SANTOS CORREIA LIMA DA SILVA, JOSÉ CARLOS CORREIA LIMA DA SILVA FILHO, RIVELILSON MENDES DE FREITAS;SD-10;IA-02
DIESMAGNA;2014;UFPI;JAVA;ANA PAULA DOS SANTOS CORREIA LIMA DA SILVA, JOSÉ CARLOS CORREIA LIMA DA SILVA FILHO, RIVELILSON MENDES DE FREITAS;SD-10;IA-02
DIESMAGNA;2014;UFPI;JAVASCRIPT;ANA PAULA DOS SANTOS CORREIA LIMA DA SILVA, JOSÉ CARLOS CORREIA LIMA DA SILVA FILHO, RIVELILSON MENDES DE FREITAS;SD-10;IA-02
ALMOXFAR;2014;UFPI;HTML;ANA PAULA DOS SANTOS CORREIA LIMA DA SILVA, JOSÉ CARLOS CORREIA LIMA DA SILVA FILHO, RIVELILSON MENDES DE FREITAS;SD-10;IA-02
ALMOXFAR;2014;UFPI;JAVA;ANA PAULA DOS SANTOS CORREIA LIMA DA SILVA, JOSÉ CARLOS CORREIA LIMA DA SILVA FILHO, RIVELILSON MENDES DE FREITAS;SD-10;IA-02
ALMOXFAR;2014;UFPI;JAVASCRIPT;ANA PAULA DOS SANTOS CORREIA LIMA DA SILVA, JOSÉ CARLOS CORREIA LIMA DA SILVA FILHO, RIVELILSON MENDES DE FREITAS;SD-10;IA-02
GEHAGRI PIVÔ;2014;UFPI;LAZARUS;JOSÉ ORLANDO PIAUILINO FERREIRA, MAURÍCIO RIBEIRO SENA;AG-06;AP-01
UVMP-SSC - UFPI`S VIRTUALIZABLE MULTI-CORE PROCESSOR;2013;UFPI;VHDL;IVAN SARAIVA SILVA, RAMON SANTOS NEPOMUCENO;CO-02, ED-04;CD-02
EPHLA CONVERTER;2012;UFPI;PYTHON;ADALBERTO SOCORRO DA SILVA, JOSÉ RENATO PEREIRA DE MOURA BARROSO, LUIZ CLAUDIO DEMES DA MATA SOUSA, SEMIRAMIS JAMIL HADAD DO MONTE;IF-10, IN-02, SD-06;AT-01, FA-01
PREVENT;2012;UFPI;JAVA;CARLOS HENRIQUE NERY COSTA, DORCAS LAMOUNIER COSTA, ELDO DE BRITO FERREIRA CHAVES;SD-06, SD-07, SD-08, SD-09;AP-01, IA-02, UT-01
FERRARE;2011;UFPI;JAVA;ISMAYLE DE SOUSA SANTOS, PEDRO DE ALCÂNTARA DOS SANTOS NETO;IF-01, IF-07, IF-10, IN-02;DS-01, FA-01, TC-01
TEST2DOC;2011;UFPI;JAVA;ISMAYLE DE SOUSA SANTOS, PEDRO DE ALCÂNTARA DOS SANTOS NETO;IF-01, IF-02, IF-07, IF-10, IN-02;DS-07, FA-01, TC-01
TCHANGEREPORT;2011;UFPI;JAVA;CLEITON DOS SANTOS MOURA, PEDRO DE ALCÂNTARA DOS SANTOS NETO, WILLAME PEREIRA DE OLIVEIRA;IF-01, IF-02, IF-07, IF-10, IN-02;AP-03, DS-07, FA-01, TC-01
TWORK;2011;UFPI;JAVA;PEDRO DE ALCÂNTARA DOS SANTOS NETO, WILLAME PEREIRA DE OLIVEIRA;IF-01, IF-02, IF-07, IF-10, IN-02;DS-01, DS-04, DS-07, FA-01, GI-01
XHLA;2011;UFPI;OBJECT PASCAL;LUIZ CLAUDIO DEMES DA MATA SOUSA, SEMIRAMIS JAMIL HADAD DO MONTE;IF-10, SD-01, SD-06, SD-07;AT-01, FA-01
LABSYSTEM GEN;2010;UFPI;DELPHI;LUIZ CLAUDIO DEMES DA MATA SOUSA, SEMIRAMIS JAMIL HADAD DO MONTE;BL-02, IF-02, IF-10;DS-02, GI-01, GI-02, GI-03, GI-08